pub_date;amnt_base;amnt_trade;id;price;type;user;
16 декабря 2017 г. 20:25:21;0.0051000000;0.3635260000;333286;0.0140292579;buy;sera27;
16 декабря 2017 г. 20:25:21;0.0051000000;0.3635260000;333285;0.0140292579;sell;Ruslandm;
16 декабря 2017 г. 20:25:21;0.0005120000;0.0364740000;333284;0.0140373965;buy;ruzo707;
16 декабря 2017 г. 20:25:21;0.0005120000;0.0364740000;333283;0.0140373965;sell;Ruslandm;
16 декабря 2017 г. 20:08:05;0.0026990000;0.1799000000;332902;0.0150027793;sell;dsens;
16 декабря 2017 г. 20:08:05;0.0026990000;0.1799000000;332901;0.0150027793;buy;ziumin;
16 декабря 2017 г. 18:39:44;0.0005120000;0.0284760000;329588;0.0179800534;sell;ruzo707;
16 декабря 2017 г. 18:39:44;0.0005120000;0.0284760000;329587;0.0179800534;buy;artdv;
16 декабря 2017 г. 17:59:06;0.0005130000;0.0318320000;328412;0.0161158583;buy;ziumin;
16 декабря 2017 г. 17:59:06;0.0005130000;0.0318320000;328411;0.0161158583;sell;artdv;
16 декабря 2017 г. 17:21:17;0.0017620000;0.1093910000;326866;0.0161073580;buy;ziumin;
16 декабря 2017 г. 17:21:17;0.0017620000;0.1093910000;326865;0.0161073580;sell;greezly;
16 декабря 2017 г. 21:25:56;0.0002430000;0.0173190000;335074;0.0140308332;buy;sera27;
16 декабря 2017 г. 21:25:56;0.0002430000;0.0173190000;335073;0.0140308332;sell;boris01;
16 декабря 2017 г. 23:29:52;0.0028150000;0.2009000000;338400;0.0140119462;buy;ALPH;
16 декабря 2017 г. 23:29:52;0.0028150000;0.2009000000;338399;0.0140119462;sell;imatveyi1;
17 декабря 2017 г. 0:16:41;0.0009890000;0.0706070000;339444;0.0140071098;buy;ALPH;
17 декабря 2017 г. 0:16:41;0.0009890000;0.0706070000;339443;0.0140071098;sell;djominov;
17 декабря 2017 г. 8:04:08;0.0073860000;0.5271680000;342710;0.0140107139;buy;ALPH;
17 декабря 2017 г. 8:04:08;0.0073860000;0.5271680000;342709;0.0140107139;sell;Faider13;
17 декабря 2017 г. 9:45:18;0.0054840000;0.3063820000;343738;0.0178992238;sell;aad977;
17 декабря 2017 г. 9:45:18;0.0054840000;0.3063820000;343737;0.0178992238;buy;k0fe;
17 декабря 2017 г. 10:58:10;0.0009290000;0.0639750000;345136;0.0145212974;buy;ruzo707;
17 декабря 2017 г. 10:58:10;0.0009290000;0.0639750000;345135;0.0145212974;sell;maestro28;
17 декабря 2017 г. 10:04:44;0.0161550000;1.1141230000;344136;0.0145001943;buy;ziumin;
17 декабря 2017 г. 10:04:44;0.0161550000;1.1141230000;344135;0.0145001943;sell;Topaloff;
17 декабря 2017 г. 12:44:20;0.0006610000;0.0440590000;348206;0.0150026101;buy;ruzo707;
17 декабря 2017 г. 12:44:20;0.0006610000;0.0440590000;348205;0.0150026101;sell;moysov90;
17 декабря 2017 г. 14:05:35;0.0015380000;0.1025000000;350602;0.0150048780;buy;nikolay123;
17 декабря 2017 г. 14:05:35;0.0015380000;0.1025000000;350601;0.0150048780;sell;boris01;
17 декабря 2017 г. 14:33:43;0.0319840000;1.9990000000;351278;0.0160000000;sell;serj984;
17 декабря 2017 г. 14:33:43;0.0319840000;1.9990000000;351277;0.0160000000;buy;Digls;
17 декабря 2017 г. 14:15:10;0.0031980000;0.1999000000;350874;0.0159979990;sell;Valik;
17 декабря 2017 г. 14:15:10;0.0031980000;0.1999000000;350873;0.0159979990;buy;ruzo707;
17 декабря 2017 г. 14:08:41;0.0005300000;0.0353180000;350710;0.0150065123;buy;ruzo707;
17 декабря 2017 г. 14:08:41;0.0005300000;0.0353180000;350709;0.0150065123;sell;boris01;
17 декабря 2017 г. 22:13:38;0.0015340000;0.0902540000;362338;0.0169964766;buy;Rplikator;
17 декабря 2017 г. 22:13:38;0.0015340000;0.0902540000;362337;0.0169964766;sell;ruzo707;
17 декабря 2017 г. 22:51:42;0.0006460000;0.0430330000;363188;0.0150117352;buy;sergio21;
17 декабря 2017 г. 22:51:42;0.0006460000;0.0430330000;363187;0.0150117352;sell;Nazar2007;
18 декабря 2017 г. 15:55:54;0.0016890000;0.1081920000;375506;0.0156111358;sell;akinaklazer;
18 декабря 2017 г. 15:55:54;0.0016890000;0.1081920000;375505;0.0156111358;buy;kurwacoin;
18 декабря 2017 г. 15:55:42;0.0098590000;0.6315810000;375498;0.0156100326;sell;akinaklazer;
18 декабря 2017 г. 15:55:42;0.0098590000;0.6315810000;375497;0.0156100326;buy;kurwacoin;
18 декабря 2017 г. 15:55:01;0.0098590000;0.6315810000;375472;0.0156100326;sell;akinaklazer;
18 декабря 2017 г. 15:55:01;0.0098590000;0.6315810000;375471;0.0156100326;buy;kurwacoin;
18 декабря 2017 г. 15:53:42;0.0103210000;0.6611780000;375428;0.0156100173;sell;akinaklazer;
18 декабря 2017 г. 15:53:42;0.0103210000;0.6611780000;375427;0.0156100173;buy;kurwacoin;
18 декабря 2017 г. 15:52:33;0.0097470000;0.6244070000;375382;0.0156100108;sell;akinaklazer;
18 декабря 2017 г. 15:52:33;0.0097470000;0.6244070000;375381;0.0156100108;buy;kurwacoin;
18 декабря 2017 г. 15:52:00;0.0054570000;0.3495830000;375378;0.0156100268;sell;akinaklazer;
18 декабря 2017 г. 15:52:00;0.0054570000;0.3495830000;375377;0.0156100268;buy;ruzo707;
18 декабря 2017 г. 15:50:34;0.0030340000;0.1943440000;375342;0.0156114930;buy;ruzo707;
18 декабря 2017 г. 15:50:34;0.0030340000;0.1943440000;375341;0.0156114930;sell;akinaklazer;
18 декабря 2017 г. 16:09:49;0.0009900000;0.0634000000;375938;0.0156151420;buy;kent64;
18 декабря 2017 г. 16:09:49;0.0009900000;0.0634000000;375937;0.0156151420;sell;sergio21;
18 декабря 2017 г. 16:05:17;0.0036330000;0.2327350000;375828;0.0156100286;sell;akinaklazer;
18 декабря 2017 г. 16:05:17;0.0036330000;0.2327350000;375827;0.0156100286;buy;kurwacoin;
18 декабря 2017 г. 16:03:21;0.0082860000;0.5308130000;375728;0.0156100171;sell;akinaklazer;
18 декабря 2017 г. 16:03:21;0.0082860000;0.5308130000;375727;0.0156100171;buy;kurwacoin;
18 декабря 2017 г. 16:03:05;0.0099950000;0.6402940000;375716;0.0156100166;sell;akinaklazer;
18 декабря 2017 г. 16:03:05;0.0099950000;0.6402940000;375715;0.0156100166;buy;kurwacoin;
18 декабря 2017 г. 16:01:56;0.0174530000;1.1180650000;375680;0.0156100048;sell;akinaklazer;
18 декабря 2017 г. 16:01:56;0.0174530000;1.1180650000;375679;0.0156100048;buy;kurwacoin;
18 декабря 2017 г. 16:01:54;0.0055320000;0.3544160000;375678;0.0156087761;sell;akinaklazer;
18 декабря 2017 г. 16:01:54;0.0055320000;0.3544160000;375677;0.0156087761;buy;marvin42;
18 декабря 2017 г. 16:01:51;0.0067100000;0.4298520000;375676;0.0156100239;sell;akinaklazer;
18 декабря 2017 г. 16:01:51;0.0067100000;0.4298520000;375675;0.0156100239;buy;sergio21;
18 декабря 2017 г. 16:01:26;0.0165800000;1.0621390000;375656;0.0156100096;sell;akinaklazer;
18 декабря 2017 г. 16:01:26;0.0165800000;1.0621390000;375655;0.0156100096;buy;kurwacoin;
18 декабря 2017 г. 16:00:55;0.0157490000;1.0089040000;375648;0.0156100085;sell;akinaklazer;
18 декабря 2017 г. 16:00:55;0.0157490000;1.0089040000;375647;0.0156100085;buy;kurwacoin;
18 декабря 2017 г. 16:00:26;0.0091820000;0.5882120000;375638;0.0156100182;sell;akinaklazer;
18 декабря 2017 г. 16:00:26;0.0091820000;0.5882120000;375637;0.0156100182;buy;kurwacoin;
18 декабря 2017 г. 16:00:05;0.0057790000;0.3702110000;375632;0.0156100170;sell;akinaklazer;
18 декабря 2017 г. 16:00:05;0.0057790000;0.3702110000;375631;0.0156100170;buy;kurwacoin;
18 декабря 2017 г. 15:59:26;0.0142110000;0.9103780000;375606;0.0156099994;sell;akinaklazer;
18 декабря 2017 г. 15:59:26;0.0142110000;0.9103780000;375605;0.0156099994;buy;kurwacoin;
18 декабря 2017 г. 15:58:42;0.0134960000;0.8645740000;375594;0.0156099998;sell;akinaklazer;
18 декабря 2017 г. 15:58:42;0.0134960000;0.8645740000;375593;0.0156099998;buy;kurwacoin;
18 декабря 2017 г. 15:58:05;0.0128190000;0.8212040000;375578;0.0156100068;sell;akinaklazer;
18 декабря 2017 г. 15:58:05;0.0128190000;0.8212040000;375577;0.0156100068;buy;kurwacoin;
18 декабря 2017 г. 15:57:28;0.0036420000;0.2333110000;375562;0.0156100655;sell;akinaklazer;
18 декабря 2017 г. 15:57:28;0.0036420000;0.2333110000;375561;0.0156100655;buy;kurwacoin;
18 декабря 2017 г. 15:57:02;0.0045370000;0.2906460000;375548;0.0156100548;sell;akinaklazer;
18 декабря 2017 г. 15:57:02;0.0045370000;0.2906460000;375547;0.0156100548;buy;kurwacoin;
18 декабря 2017 г. 15:56:55;0.0039980000;0.2561170000;375546;0.0156100532;sell;akinaklazer;
18 декабря 2017 г. 15:56:55;0.0039980000;0.2561170000;375545;0.0156100532;buy;kurwacoin;
18 декабря 2017 г. 18:46:21;0.0013800000;0.0901180000;378970;0.0153132560;sell;Iammuslim;
18 декабря 2017 г. 18:46:21;0.0013800000;0.0901180000;378969;0.0153132560;buy;RomikM;
18 декабря 2017 г. 18:44:06;0.0009900000;0.0646650000;378942;0.0153096729;buy;sergio21;
18 декабря 2017 г. 18:44:06;0.0009900000;0.0646650000;378941;0.0153096729;sell;Iammuslim;
18 декабря 2017 г. 18:44:06;0.0024500000;0.1599780000;378940;0.0153146058;buy;ruzo707;
18 декабря 2017 г. 18:44:06;0.0024500000;0.1599780000;378939;0.0153146058;sell;Iammuslim;
18 декабря 2017 г. 21:06:34;0.0000030000;0.0001960000;382044;0.0153061224;sell;akinaklazer;
18 декабря 2017 г. 20:59:29;0.0007730000;0.0495410000;381838;0.0156032377;buy;ruzo707;
18 декабря 2017 г. 20:59:29;0.0007730000;0.0495410000;381837;0.0156032377;sell;hvspn;
18 декабря 2017 г. 21:11:06;0.0078080000;0.5001960000;382172;0.0156098809;buy;sergio21;
18 декабря 2017 г. 21:11:06;0.0078080000;0.5001960000;382171;0.0156098809;sell;sergio21;
19 декабря 2017 г. 1:09:50;0.0014890000;0.0827910000;387430;0.0179850467;sell;sera27;
19 декабря 2017 г. 1:09:50;0.0014890000;0.0827910000;387429;0.0179850467;buy;Alexles;
19 декабря 2017 г. 1:08:21;0.0018790000;0.1044720000;387406;0.0179856804;sell;sera27;
19 декабря 2017 г. 1:08:21;0.0018790000;0.1044720000;387405;0.0179856804;buy;ruzo707;
19 декабря 2017 г. 1:08:15;0.0030380000;0.1689180000;387400;0.0179850578;sell;sera27;
19 декабря 2017 г. 1:08:15;0.0030380000;0.1689180000;387399;0.0179850578;buy;Alexles;
19 декабря 2017 г. 1:07:32;0.0015390000;0.0855690000;387390;0.0179854854;sell;sera27;
19 декабря 2017 г. 1:07:32;0.0015390000;0.0855690000;387389;0.0179854854;buy;ruzo707;
19 декабря 2017 г. 1:07:32;0.0000020000;0.0001140000;387388;0.0175438596;sell;ALPH;
19 декабря 2017 г. 1:06:13;0.0021920000;0.1225880000;387372;0.0178810324;sell;ALPH;
19 декабря 2017 г. 1:06:13;0.0021920000;0.1225880000;387371;0.0178810324;buy;Alexles;
19 декабря 2017 г. 1:05:10;0.0029420000;0.1645320000;387364;0.0178810201;sell;ALPH;
19 декабря 2017 г. 1:05:10;0.0029420000;0.1645320000;387363;0.0178810201;buy;Alexles;
19 декабря 2017 г. 1:03:27;0.0029020000;0.1622950000;387302;0.0178810191;sell;ALPH;
19 декабря 2017 г. 1:03:27;0.0029020000;0.1622950000;387301;0.0178810191;buy;Alexles;
19 декабря 2017 г. 1:02:19;0.0028630000;0.1601130000;387280;0.0178811215;sell;ALPH;
19 декабря 2017 г. 1:02:19;0.0028630000;0.1601130000;387279;0.0178811215;buy;Alexles;
19 декабря 2017 г. 0:59:47;0.0015030000;0.0840570000;387208;0.0178807238;sell;ALPH;
19 декабря 2017 г. 0:59:47;0.0015030000;0.0840570000;387207;0.0178807238;buy;Alexles;
19 декабря 2017 г. 0:59:47;0.0013200000;0.0739470000;387206;0.0178506227;sell;lozikiss;
19 декабря 2017 г. 0:59:47;0.0013200000;0.0739470000;387205;0.0178506227;buy;Alexles;
19 декабря 2017 г. 0:57:17;0.0018700000;0.1045760000;387144;0.0178817319;sell;ALPH;
19 декабря 2017 г. 0:57:17;0.0018700000;0.1045760000;387143;0.0178817319;buy;Alexles;
19 декабря 2017 г. 0:57:17;0.0008830000;0.0494720000;387142;0.0178484799;sell;sergio21;
19 декабря 2017 г. 0:57:17;0.0008830000;0.0494720000;387141;0.0178484799;buy;Alexles;
19 декабря 2017 г. 0:54:41;0.0027080000;0.1517080000;387080;0.0178500804;sell;sergio21;
19 декабря 2017 г. 0:54:41;0.0027080000;0.1517080000;387079;0.0178500804;buy;Alexles;
19 декабря 2017 г. 0:36:50;0.0026800000;0.1501390000;386690;0.0178501256;sell;sergio21;
19 декабря 2017 г. 0:36:50;0.0026800000;0.1501390000;386689;0.0178501256;buy;Alexles;
19 декабря 2017 г. 0:31:20;0.0026530000;0.1486270000;386542;0.0178500542;sell;sergio21;
19 декабря 2017 г. 0:31:20;0.0026530000;0.1486270000;386541;0.0178500542;buy;Alexles;
19 декабря 2017 г. 0:26:43;0.0032330000;0.2059330000;386442;0.0156992808;buy;sergio21;
19 декабря 2017 г. 0:26:43;0.0032330000;0.2059330000;386441;0.0156992808;sell;elitkvartiri;
19 декабря 2017 г. 0:26:43;0.0002430000;0.0154670000;386440;0.0157108683;buy;Yurchik;
19 декабря 2017 г. 0:26:43;0.0002430000;0.0154670000;386439;0.0157108683;sell;elitkvartiri;
19 декабря 2017 г. 6:50:27;0.0015990000;0.0924270000;388980;0.0173001396;sell;sera27;
19 декабря 2017 г. 6:50:27;0.0015990000;0.0924270000;388979;0.0173001396;buy;ruzo707;
19 декабря 2017 г. 6:48:14;0.0017730000;0.1024850000;388968;0.0173000927;sell;sera27;
19 декабря 2017 г. 6:48:14;0.0017730000;0.1024850000;388967;0.0173000927;buy;ruzo707;
19 декабря 2017 г. 6:45:56;0.0016610000;0.0960110000;388938;0.0173001010;sell;sera27;
19 декабря 2017 г. 6:45:56;0.0016610000;0.0960110000;388937;0.0173001010;buy;ruzo707;
19 декабря 2017 г. 6:43:21;0.0015570000;0.0899990000;388924;0.0173001922;sell;sera27;
19 декабря 2017 г. 6:43:21;0.0015570000;0.0899990000;388923;0.0173001922;buy;ruzo707;
19 декабря 2017 г. 7:40:12;0.0003480000;0.0201150000;389304;0.0173005220;sell;sera27;
19 декабря 2017 г. 7:40:12;0.0003480000;0.0201150000;389303;0.0173005220;buy;sergio21;
19 декабря 2017 г. 9:09:58;0.0092260000;0.4671390000;390592;0.0197500102;sell;dvb70;
19 декабря 2017 г. 9:09:58;0.0092260000;0.4671390000;390591;0.0197500102;buy;hirurgrrr1984;
19 декабря 2017 г. 10:31:59;0.0060000000;0.3116880000;392494;0.0192500193;buy;CryptoJulia;
19 декабря 2017 г. 10:31:59;0.0060000000;0.3116880000;392493;0.0192500193;sell;fouadNaji;
19 декабря 2017 г. 11:22:17;0.0108780000;0.5880070000;393606;0.0184997798;buy;ziumin;
19 декабря 2017 г. 11:22:17;0.0108780000;0.5880070000;393605;0.0184997798;sell;d4umak;
19 декабря 2017 г. 13:28:05;0.0007120000;0.0374940000;396814;0.0189897050;sell;fouadNaji;
19 декабря 2017 г. 13:28:05;0.0007120000;0.0374940000;396813;0.0189897050;buy;Aservice;
19 декабря 2017 г. 13:01:59;0.0010870000;0.0603620000;396118;0.0180080183;buy;kent64;
19 декабря 2017 г. 13:01:59;0.0010870000;0.0603620000;396117;0.0180080183;sell;FerrumSS;
19 декабря 2017 г. 12:44:40;0.0092500000;0.5000000000;395470;0.0185000000;buy;ziumin;
19 декабря 2017 г. 12:44:40;0.0092500000;0.5000000000;395469;0.0185000000;sell;sergio21;
19 декабря 2017 г. 18:01:19;0.0002550000;0.0138740000;402446;0.0183797030;buy;ziumin;
19 декабря 2017 г. 18:01:19;0.0002550000;0.0138740000;402445;0.0183797030;sell;AVKH;
19 декабря 2017 г. 19:48:26;0.0017310000;0.0876970000;403962;0.0197384175;sell;Kemaks;
19 декабря 2017 г. 19:48:26;0.0017310000;0.0876970000;403961;0.0197384175;buy;marvin42;
19 декабря 2017 г. 19:24:11;0.0003050000;0.0154590000;403566;0.0197296073;sell;Yurchik;
19 декабря 2017 г. 19:24:11;0.0003050000;0.0154590000;403565;0.0197296073;buy;AndiPOL;
19 декабря 2017 г. 19:21:43;0.0007220000;0.0370220000;403540;0.0195019178;sell;nekolyshe;
19 декабря 2017 г. 19:21:43;0.0007220000;0.0370220000;403539;0.0195019178;buy;AndiPOL;
19 декабря 2017 г. 20:12:44;0.0292120000;1.4798550000;404332;0.0197397718;sell;Kemaks;
19 декабря 2017 г. 20:12:44;0.0292120000;1.4798550000;404331;0.0197397718;buy;alinacoin;
19 декабря 2017 г. 21:48:52;0.0010010000;0.0501750000;406194;0.0199501744;sell;rio;
19 декабря 2017 г. 21:48:52;0.0010010000;0.0501750000;406193;0.0199501744;buy;aleks78;
19 декабря 2017 г. 22:09:16;0.0018470000;0.0923470000;406598;0.0200006497;sell;ALPH;
19 декабря 2017 г. 22:09:16;0.0018470000;0.0923470000;406597;0.0200006497;buy;aleks78;
20 декабря 2017 г. 3:00:06;0.0013850000;0.0728330000;408034;0.0190161053;buy;Zanglangso;
20 декабря 2017 г. 3:00:06;0.0013850000;0.0728330000;408033;0.0190161053;sell;andreybat;
20 декабря 2017 г. 3:00:06;0.0413850000;2.1769940000;408032;0.0190101580;buy;ziumin;
20 декабря 2017 г. 3:00:06;0.0413850000;2.1769940000;408031;0.0190101580;sell;andreybat;
20 декабря 2017 г. 2:41:46;0.0013530000;0.0676380000;407670;0.0200035483;sell;ALPH;
20 декабря 2017 г. 2:41:46;0.0013530000;0.0676380000;407669;0.0200035483;buy;morihey;
20 декабря 2017 г. 9:29:33;0.0036130000;0.1900570000;411800;0.0190100864;buy;Zanglangso;
20 декабря 2017 г. 9:29:33;0.0036130000;0.1900570000;411799;0.0190100864;sell;Matematic;
20 декабря 2017 г. 11:15:30;0.0055610000;0.2925300000;414466;0.0190100161;sell;Matematic;
20 декабря 2017 г. 11:15:30;0.0055610000;0.2925300000;414465;0.0190100161;buy;ziumin;
20 декабря 2017 г. 11:05:42;0.0097560000;0.5132030000;414210;0.0190100214;sell;Matematic;
20 декабря 2017 г. 11:05:41;0.0097560000;0.5132030000;414209;0.0190100214;buy;ziumin;
20 декабря 2017 г. 12:15:01;0.0018590000;0.1021500000;415906;0.0181987274;buy;Warrius;
20 декабря 2017 г. 12:15:01;0.0018590000;0.1021500000;415905;0.0181987274;sell;slavko88;
20 декабря 2017 г. 15:19:04;0.0008300000;0.0436860000;419754;0.0189992217;sell;nmylikeenemy;
20 декабря 2017 г. 15:19:04;0.0008300000;0.0436860000;419753;0.0189992217;buy;unikron1711;
20 декабря 2017 г. 17:26:50;0.0027540000;0.1376730000;422586;0.0200039223;sell;murena;
20 декабря 2017 г. 17:26:50;0.0027540000;0.1376730000;422585;0.0200039223;buy;rig1;
20 декабря 2017 г. 17:26:50;0.0000900000;0.0047090000;422584;0.0191123381;sell;Matematic;
20 декабря 2017 г. 17:25:25;0.0013540000;0.0712570000;422564;0.0190016419;sell;nmylikeenemy;
20 декабря 2017 г. 17:25:25;0.0013540000;0.0712570000;422563;0.0190016419;buy;rig1;
20 декабря 2017 г. 18:36:41;0.0009870000;0.0542210000;424652;0.0182032792;buy;Warrius;
20 декабря 2017 г. 18:36:41;0.0009870000;0.0542210000;424651;0.0182032792;sell;rig1;
20 декабря 2017 г. 18:36:22;0.0029010000;0.1593110000;424642;0.0182096654;buy;ruzo707;
20 декабря 2017 г. 18:36:22;0.0029010000;0.1593110000;424641;0.0182096654;sell;rig1;
20 декабря 2017 г. 19:24:25;0.0063700000;0.3500020000;425978;0.0181998960;buy;Warrius;
20 декабря 2017 г. 19:24:25;0.0063700000;0.3500020000;425977;0.0181998960;sell;Ryaba22;
20 декабря 2017 г. 22:14:16;0.0002020000;0.0101230000;429966;0.0199545589;sell;tirexx;
20 декабря 2017 г. 22:14:15;0.0002020000;0.0101230000;429965;0.0199545589;buy;sergei0207;
21 декабря 2017 г. 0:21:35;0.0032580000;0.1800000000;433100;0.0181000000;buy;AndiPOL;
21 декабря 2017 г. 0:21:35;0.0032580000;0.1800000000;433099;0.0181000000;sell;Psixopad777;
21 декабря 2017 г. 1:16:32;0.0030980000;0.1551350000;433844;0.0199697038;sell;tirexx;
21 декабря 2017 г. 1:16:32;0.0030980000;0.1551350000;433843;0.0199697038;buy;kornusha;
21 декабря 2017 г. 8:48:20;0.0012790000;0.0639680000;436766;0.0199943722;sell;murena;
21 декабря 2017 г. 8:48:20;0.0012790000;0.0639680000;436765;0.0199943722;buy;SergioBugini;
21 декабря 2017 г. 10:03:52;0.0085290000;0.4264530000;438264;0.0199998593;sell;murena;
21 декабря 2017 г. 10:03:52;0.0085290000;0.4264530000;438263;0.0199998593;buy;shukach;
21 декабря 2017 г. 10:53:02;0.0082350000;0.4521910000;439148;0.0182113311;buy;sera27;
21 декабря 2017 г. 10:53:02;0.0082350000;0.4521910000;439147;0.0182113311;sell;Slick6607;
21 декабря 2017 г. 10:28:08;0.0025460000;0.1272500000;438716;0.0200078585;buy;espespua;
21 декабря 2017 г. 10:28:08;0.0025460000;0.1272500000;438715;0.0200078585;sell;ruzo707;
21 декабря 2017 г. 11:47:56;0.0010980000;0.0602630000;440458;0.0182201351;buy;sera27;
21 декабря 2017 г. 11:47:56;0.0010980000;0.0602630000;440457;0.0182201351;sell;kostik0270;
21 декабря 2017 г. 11:47:56;0.0025450000;0.1397370000;440456;0.0182127854;buy;ruzo707;
21 декабря 2017 г. 11:47:56;0.0025450000;0.1397370000;440455;0.0182127854;sell;kostik0270;
21 декабря 2017 г. 16:12:25;0.0010000000;0.0500000000;446732;0.0200000000;sell;Okondratev2;
21 декабря 2017 г. 16:12:25;0.0010000000;0.0500000000;446731;0.0200000000;buy;Temtom;
21 декабря 2017 г. 15:56:23;0.0026070000;0.1303340000;446258;0.0200024552;sell;Okondratev2;
21 декабря 2017 г. 15:56:23;0.0026070000;0.1303340000;446257;0.0200024552;buy;Naroran;
21 декабря 2017 г. 15:56:23;0.0007930000;0.0396670000;446256;0.0199914286;sell;ruzo707;
21 декабря 2017 г. 15:56:23;0.0007930000;0.0396670000;446255;0.0199914286;buy;Naroran;
21 декабря 2017 г. 15:46:40;0.0042000000;0.2210460000;446006;0.0190005700;buy;agronom93;
21 декабря 2017 г. 15:46:40;0.0042000000;0.2210460000;446005;0.0190005700;sell;yura2986;
21 декабря 2017 г. 15:41:19;0.0190000000;1.0000000000;445816;0.0190000000;buy;agronom93;
21 декабря 2017 г. 15:41:19;0.0190000000;1.0000000000;445815;0.0190000000;sell;yura2986;
21 декабря 2017 г. 19:10:23;0.0019000000;0.0950000000;452096;0.0200000000;sell;Okondratev2;
21 декабря 2017 г. 19:10:23;0.0019000000;0.0950000000;452095;0.0200000000;buy;Yarik7777;
21 декабря 2017 г. 18:55:44;0.0275600000;1.3780100000;451742;0.0199998549;sell;Okondratev2;
21 декабря 2017 г. 18:55:44;0.0275600000;1.3780100000;451741;0.0199998549;buy;evdik2005;
21 декабря 2017 г. 18:18:27;0.0060790000;0.3039640000;450750;0.0199990788;sell;Okondratev2;
21 декабря 2017 г. 18:18:27;0.0060790000;0.3039640000;450749;0.0199990788;buy;garik1985;
21 декабря 2017 г. 23:22:22;0.0200000000;1.0000000000;456716;0.0200000000;sell;Okondratev2;
21 декабря 2017 г. 23:22:22;0.0200000000;1.0000000000;456715;0.0200000000;buy;ChiChiChi;
21 декабря 2017 г. 22:41:53;0.0004870000;0.0243710000;456226;0.0199827664;buy;dima0587;
21 декабря 2017 г. 22:41:53;0.0004870000;0.0243710000;456225;0.0199827664;sell;sera27;
21 декабря 2017 г. 22:26:55;0.0002910000;0.0145650000;456052;0.0199794027;sell;ruzo707;
21 декабря 2017 г. 22:26:55;0.0002910000;0.0145650000;456051;0.0199794027;buy;dima0587;
21 декабря 2017 г. 21:30:40;0.0002650000;0.0145720000;454836;0.0181855614;buy;ruzo707;
21 декабря 2017 г. 21:30:40;0.0002650000;0.0145720000;454835;0.0181855614;sell;dmitry5;
22 декабря 2017 г. 0:24:40;0.0027620000;0.1380810000;457724;0.0200027520;sell;Okondratev2;
22 декабря 2017 г. 0:24:40;0.0027620000;0.1380810000;457723;0.0200027520;buy;Derek;
22 декабря 2017 г. 3:06:23;0.0016840000;0.0841990000;458870;0.0200002375;sell;Okondratev2;
22 декабря 2017 г. 3:06:23;0.0016840000;0.0841990000;458869;0.0200002375;buy;MaxKuzmenko;
22 декабря 2017 г. 9:34:49;0.0028900000;0.1719130000;463236;0.0168108287;buy;droopy1983;
22 декабря 2017 г. 9:34:49;0.0028900000;0.1719130000;463235;0.0168108287;sell;veteraid;
22 декабря 2017 г. 9:31:51;0.0019800000;0.1100000000;463126;0.0180000000;buy;btc1trade;
22 декабря 2017 г. 9:31:51;0.0019800000;0.1100000000;463125;0.0180000000;sell;veteraid;
22 декабря 2017 г. 9:31:50;0.0006250000;0.0346950000;463124;0.0180141231;buy;kent64;
22 декабря 2017 г. 9:31:50;0.0006250000;0.0346950000;463123;0.0180141231;sell;veteraid;
22 декабря 2017 г. 9:17:19;0.0088910000;0.4939160000;462330;0.0180010366;buy;kent64;
22 декабря 2017 г. 9:17:19;0.0088910000;0.4939160000;462329;0.0180010366;sell;andreybat;
22 декабря 2017 г. 9:14:57;0.0027420000;0.1514910000;462270;0.0181000852;buy;AndiPOL;
22 декабря 2017 г. 9:14:57;0.0027420000;0.1514910000;462269;0.0181000852;sell;andreybat;
22 декабря 2017 г. 9:14:34;0.0031190000;0.1713770000;462254;0.0181996417;buy;Warrius;
22 декабря 2017 г. 9:14:34;0.0031190000;0.1713770000;462253;0.0181996417;sell;andreybat;
22 декабря 2017 г. 9:14:02;0.0158820000;0.8726230000;462238;0.0182002996;buy;Warrius;
22 декабря 2017 г. 9:14:02;0.0158820000;0.8726230000;462237;0.0182002996;sell;andreybat;
22 декабря 2017 г. 9:14:02;0.0001820000;0.0100000000;462236;0.0182000000;buy;Yurchik;
22 декабря 2017 г. 9:14:02;0.0001820000;0.0100000000;462235;0.0182000000;sell;andreybat;
22 декабря 2017 г. 9:14:02;0.0001840000;0.0101000000;462234;0.0182178218;buy;sanyok523;
22 декабря 2017 г. 9:14:02;0.0001840000;0.0101000000;462233;0.0182178218;sell;andreybat;
22 декабря 2017 г. 9:14:02;0.0029400000;0.1612770000;462232;0.0182295058;buy;sera27;
22 декабря 2017 г. 9:14:02;0.0029400000;0.1612770000;462231;0.0182295058;sell;andreybat;
22 декабря 2017 г. 9:13:48;0.0050150000;0.2751140000;462220;0.0182288070;buy;sera27;
22 декабря 2017 г. 9:13:48;0.0050150000;0.2751140000;462219;0.0182288070;sell;andreybat;
22 декабря 2017 г. 9:13:48;0.0018470000;0.1013080000;462218;0.0182315316;buy;ruzo707;
22 декабря 2017 г. 9:13:48;0.0018470000;0.1013080000;462217;0.0182315316;sell;andreybat;
22 декабря 2017 г. 9:13:48;0.0011090000;0.0599690000;462216;0.0184928880;buy;up2beer;
22 декабря 2017 г. 9:13:48;0.0011090000;0.0599690000;462215;0.0184928880;sell;andreybat;
22 декабря 2017 г. 10:42:45;0.0117320000;0.5866700000;465598;0.0199976136;buy;Trader3000;
22 декабря 2017 г. 10:42:45;0.0117320000;0.5866700000;465597;0.0199976136;sell;ruzo707;
22 декабря 2017 г. 10:41:50;0.0099990000;0.5000000000;465534;0.0199980000;buy;Trader3000;
22 декабря 2017 г. 10:41:50;0.0099990000;0.5000000000;465533;0.0199980000;sell;ruzo707;
22 декабря 2017 г. 10:40:08;0.0199970000;1.0000000000;465468;0.0199970000;buy;Trader3000;
22 декабря 2017 г. 10:40:08;0.0199970000;1.0000000000;465467;0.0199970000;sell;ruzo707;
22 декабря 2017 г. 10:39:13;0.0099990000;0.5000000000;465430;0.0199980000;buy;Trader3000;
22 декабря 2017 г. 10:39:13;0.0099990000;0.5000000000;465429;0.0199980000;sell;ruzo707;
22 декабря 2017 г. 10:36:40;0.0152390000;0.7620730000;465366;0.0199967720;buy;Trader3000;
22 декабря 2017 г. 10:36:40;0.0152390000;0.7620730000;465365;0.0199967720;sell;ruzo707;
22 декабря 2017 г. 10:33:52;0.0099990000;0.5000000000;465262;0.0199980000;buy;Trader3000;
22 декабря 2017 г. 10:33:52;0.0099990000;0.5000000000;465261;0.0199980000;sell;ruzo707;
22 декабря 2017 г. 10:28:31;0.0020250000;0.1012570000;465070;0.0199986174;sell;ruzo707;
22 декабря 2017 г. 10:28:31;0.0020250000;0.1012570000;465069;0.0199986174;buy;Trader3000;
22 декабря 2017 г. 17:47:43;0.0069390000;0.3470160000;478682;0.0199961961;sell;dvb70;
22 декабря 2017 г. 17:47:43;0.0069390000;0.3470160000;478681;0.0199961961;buy;emirveli888;
22 декабря 2017 г. 17:28:39;0.0032210000;0.2000000000;478124;0.0161050000;buy;ruzo707;
22 декабря 2017 г. 17:28:39;0.0032210000;0.2000000000;478123;0.0161050000;sell;andriy1994;
22 декабря 2017 г. 17:27:07;0.0003580000;0.0221920000;478072;0.0161319394;buy;ruzo707;
22 декабря 2017 г. 17:27:07;0.0003580000;0.0221920000;478071;0.0161319394;sell;KanGremlyn;
22 декабря 2017 г. 17:24:34;0.0020220000;0.1098890000;478010;0.0184003858;sell;btc1trade;
22 декабря 2017 г. 17:24:34;0.0020220000;0.1098890000;478009;0.0184003858;buy;ruzo707;
22 декабря 2017 г. 21:28:51;0.0009800000;0.0490000000;483490;0.0200000000;sell;dvb70;
22 декабря 2017 г. 21:28:51;0.0009800000;0.0490000000;483489;0.0200000000;buy;linux0uid;
22 декабря 2017 г. 22:32:03;0.0012380000;0.0619310000;484696;0.0199899889;sell;dvb70;
22 декабря 2017 г. 22:32:03;0.0012380000;0.0619310000;484695;0.0199899889;buy;staslexus140;
22 декабря 2017 г. 23:37:43;0.0978740000;4.8936990000;486684;0.0200000041;sell;Okondratev2;
22 декабря 2017 г. 23:37:43;0.0978740000;4.8936990000;486683;0.0200000041;buy;ilkiwandriy;
22 декабря 2017 г. 23:37:35;0.0013080000;0.0653930000;486674;0.0200021409;sell;dvb70;
22 декабря 2017 г. 23:37:35;0.0013080000;0.0653930000;486673;0.0200021409;buy;ilkiwandriy;
22 декабря 2017 г. 23:01:46;0.0002000000;0.0100000000;485732;0.0200000000;sell;dvb70;
22 декабря 2017 г. 23:01:46;0.0002000000;0.0100000000;485731;0.0200000000;buy;Borja;
23 декабря 2017 г. 11:05:28;0.0038880000;0.1963640000;491914;0.0197999633;sell;individuum;
23 декабря 2017 г. 11:05:28;0.0038880000;0.1963640000;491913;0.0197999633;buy;olcoint;
23 декабря 2017 г. 10:13:40;0.0376920000;1.9036360000;490986;0.0198000038;sell;individuum;
23 декабря 2017 г. 10:13:40;0.0376920000;1.9036360000;490985;0.0198000038;buy;shamryk;
23 декабря 2017 г. 11:17:19;0.0010770000;0.0538290000;492094;0.0200078025;sell;Okondratev2;
23 декабря 2017 г. 11:17:19;0.0010770000;0.0538290000;492093;0.0200078025;buy;iCaesar;
23 декабря 2017 г. 12:52:49;0.0012490000;0.0630990000;493634;0.0197942915;sell;individuum;
23 декабря 2017 г. 12:52:49;0.0012490000;0.0630990000;493633;0.0197942915;buy;1693277;
23 декабря 2017 г. 14:11:56;0.0297970000;1.5049030000;495488;0.0197999472;sell;individuum;
23 декабря 2017 г. 14:11:56;0.0297970000;1.5049030000;495487;0.0197999472;buy;VoolzyMan;
23 декабря 2017 г. 17:13:41;0.0002040000;0.0102970000;499978;0.0198115956;sell;individuum;
23 декабря 2017 г. 17:13:41;0.0002040000;0.0102970000;499977;0.0198115956;buy;shust69;
23 декабря 2017 г. 21:53:01;0.0015810000;0.0836710000;505014;0.0188954357;buy;terranorr;
23 декабря 2017 г. 21:53:01;0.0015810000;0.0836710000;505013;0.0188954357;sell;Theurvaeth;
23 декабря 2017 г. 21:33:51;0.0017640000;0.0933300000;504634;0.0189006750;buy;terranorr;
23 декабря 2017 г. 21:33:51;0.0017640000;0.0933300000;504633;0.0189006750;sell;Theurvaeth;
23 декабря 2017 г. 20:54:10;0.0003080000;0.0157330000;504098;0.0195766859;sell;Theurvaeth;
23 декабря 2017 г. 20:54:10;0.0003080000;0.0157330000;504097;0.0195766859;buy;SVL777;
23 декабря 2017 г. 23:01:26;0.0002600000;0.0133100000;506188;0.0195341848;sell;Theurvaeth;
23 декабря 2017 г. 23:01:26;0.0002600000;0.0133100000;506187;0.0195341848;buy;jentonic;
24 декабря 2017 г. 0:07:54;0.0005520000;0.0299750000;507072;0.0184153461;buy;ruzo707;
24 декабря 2017 г. 0:07:54;0.0005520000;0.0299750000;507071;0.0184153461;sell;Temtom;
24 декабря 2017 г. 0:06:04;0.0003670000;0.0199390000;507046;0.0184061387;buy;ruzo707;
24 декабря 2017 г. 0:06:04;0.0003670000;0.0199390000;507045;0.0184061387;sell;Temtom;
23 декабря 2017 г. 23:37:20;0.0021600000;0.1104450000;506802;0.0195572457;buy;jentonic;
23 декабря 2017 г. 23:37:20;0.0021600000;0.1104450000;506801;0.0195572457;sell;Theurvaeth;
23 декабря 2017 г. 23:36:03;0.0003760000;0.0189890000;506784;0.0198009374;sell;individuum;
23 декабря 2017 г. 23:36:03;0.0003760000;0.0189890000;506783;0.0198009374;buy;Titti;
23 декабря 2017 г. 23:32:00;0.0049560000;0.2534500000;506716;0.0195541527;buy;jentonic;
23 декабря 2017 г. 23:32:00;0.0049560000;0.2534500000;506715;0.0195541527;sell;Theurvaeth;
23 декабря 2017 г. 23:28:08;0.0050340000;0.2574380000;506664;0.0195542228;buy;jentonic;
23 декабря 2017 г. 23:28:08;0.0050340000;0.2574380000;506663;0.0195542228;sell;Theurvaeth;
23 декабря 2017 г. 23:25:45;0.0049650000;0.2538810000;506582;0.0195564063;buy;jentonic;
23 декабря 2017 г. 23:25:45;0.0049650000;0.2538810000;506581;0.0195564063;sell;Theurvaeth;
23 декабря 2017 г. 23:22:59;0.0048930000;0.2502050000;506550;0.0195559641;buy;jentonic;
23 декабря 2017 г. 23:22:58;0.0048930000;0.2502050000;506549;0.0195559641;sell;Theurvaeth;
23 декабря 2017 г. 23:17:57;0.0039110000;0.2000000000;506488;0.0195550000;buy;jentonic;
23 декабря 2017 г. 23:17:57;0.0039110000;0.2000000000;506487;0.0195550000;sell;fufufufufu;
23 декабря 2017 г. 23:17:12;0.0037390000;0.1912100000;506472;0.0195544166;buy;jentonic;
23 декабря 2017 г. 23:17:12;0.0037390000;0.1912100000;506471;0.0195544166;sell;Theurvaeth;
23 декабря 2017 г. 23:07:41;0.0019560000;0.1000000000;506274;0.0195600000;buy;jentonic;
23 декабря 2017 г. 23:07:41;0.0019560000;0.1000000000;506273;0.0195600000;sell;Theurvaeth;
24 декабря 2017 г. 11:39:00;0.0090610000;0.4530490000;512590;0.0200000441;sell;kent64;
24 декабря 2017 г. 11:39:00;0.0090610000;0.4530490000;512589;0.0200000441;buy;dofffm;
24 декабря 2017 г. 11:39:00;0.0002220000;0.0111040000;512588;0.0199927954;sell;sanyok523;
24 декабря 2017 г. 11:39:00;0.0002220000;0.0111040000;512587;0.0199927954;buy;dofffm;
24 декабря 2017 г. 11:33:56;0.0060020000;0.3031090000;512542;0.0198014576;sell;individuum;
24 декабря 2017 г. 11:33:56;0.0060020000;0.3031090000;512541;0.0198014576;buy;dofffm;
24 декабря 2017 г. 12:46:46;0.0011770000;0.0588710000;514042;0.0199928658;sell;Okondratev2;
24 декабря 2017 г. 12:46:46;0.0011770000;0.0588710000;514041;0.0199928658;buy;aleks78;
24 декабря 2017 г. 12:46:46;0.0038750000;0.1937520000;514040;0.0199997936;sell;kent64;
24 декабря 2017 г. 12:46:46;0.0038750000;0.1937520000;514039;0.0199997936;buy;aleks78;
24 декабря 2017 г. 12:44:55;0.0053560000;0.2926640000;514000;0.0183008501;buy;sera27;
24 декабря 2017 г. 12:44:55;0.0053560000;0.2926640000;513999;0.0183008501;sell;Matthuw;
24 декабря 2017 г. 16:48:06;0.0036310000;0.1984240000;519186;0.0182991977;buy;ruzo707;
24 декабря 2017 г. 16:48:06;0.0036310000;0.1984240000;519185;0.0182991977;sell;Nazar89;
24 декабря 2017 г. 16:47:49;0.0083120000;0.4492880000;519174;0.0185003828;buy;Avolet;
24 декабря 2017 г. 16:47:49;0.0083120000;0.4492880000;519173;0.0185003828;sell;Nazar89;
24 декабря 2017 г. 18:15:19;0.0009950000;0.0500000000;520708;0.0199000000;sell;Avolet;
24 декабря 2017 г. 18:15:19;0.0009950000;0.0500000000;520707;0.0199000000;buy;yashchik;
25 декабря 2017 г. 0:00:50;0.0049790000;0.2527400000;529494;0.0197000870;sell;Avolet;
25 декабря 2017 г. 0:00:50;0.0049790000;0.2527400000;529493;0.0197000870;buy;Alexles;
24 декабря 2017 г. 23:05:23;0.0012500000;0.0631500000;528442;0.0197941409;sell;Avolet;
24 декабря 2017 г. 23:05:23;0.0012500000;0.0631500000;528441;0.0197941409;buy;Toriangel;
25 декабря 2017 г. 0:12:55;0.0011050000;0.0560910000;529708;0.0197001301;sell;Avolet;
25 декабря 2017 г. 0:12:55;0.0011050000;0.0560910000;529707;0.0197001301;buy;Alexles;
25 декабря 2017 г. 2:23:00;0.0002730000;0.0148100000;531128;0.0184334909;buy;ruzo707;
25 декабря 2017 г. 2:23:00;0.0002730000;0.0148100000;531127;0.0184334909;sell;MordaUA;
25 декабря 2017 г. 9:46:40;0.0022340000;0.1213950000;534358;0.0184027349;buy;individuum;
25 декабря 2017 г. 9:46:40;0.0022340000;0.1213950000;534357;0.0184027349;sell;Dimon2017;
25 декабря 2017 г. 9:46:40;0.0053720000;0.2919730000;534356;0.0183989615;buy;ruzo707;
25 декабря 2017 г. 9:46:40;0.0053720000;0.2919730000;534355;0.0183989615;sell;Dimon2017;
25 декабря 2017 г. 11:35:57;0.0049710000;0.2498110000;536740;0.0198990437;sell;Via;
25 декабря 2017 г. 11:35:57;0.0049710000;0.2498110000;536739;0.0198990437;buy;Buru1149;
25 декабря 2017 г. 11:32:37;0.0005310000;0.0269690000;536658;0.0196892729;sell;Avolet;
25 декабря 2017 г. 11:32:37;0.0005310000;0.0269690000;536657;0.0196892729;buy;Buru1149;
25 декабря 2017 г. 15:28:49;0.0013930000;0.0700000000;541694;0.0199000000;sell;Via;
25 декабря 2017 г. 15:28:49;0.0013930000;0.0700000000;541693;0.0199000000;buy;yashchik;
25 декабря 2017 г. 17:47:44;0.0004000000;0.0200000000;544084;0.0200000000;sell;Okondratev2;
25 декабря 2017 г. 17:47:44;0.0004000000;0.0200000000;544083;0.0200000000;buy;misterbrain;
25 декабря 2017 г. 17:46:48;0.1939670000;9.6983320000;544082;0.0200000371;sell;Okondratev2;
25 декабря 2017 г. 17:46:48;0.1939670000;9.6983320000;544081;0.0200000371;buy;misterbrain;
25 декабря 2017 г. 17:46:48;0.0060340000;0.3031890000;544080;0.0199017774;sell;Via;
25 декабря 2017 г. 17:46:48;0.0060340000;0.3031890000;544079;0.0199017774;buy;misterbrain;
26 декабря 2017 г. 10:17:18;0.0018100000;0.1000000000;555798;0.0181000000;buy;btc1trade;
26 декабря 2017 г. 10:17:18;0.0018100000;0.1000000000;555797;0.0181000000;sell;irkis;
26 декабря 2017 г. 10:17:18;0.0036200000;0.2000000000;555796;0.0181000000;buy;ruzo707;
26 декабря 2017 г. 10:17:18;0.0036200000;0.2000000000;555795;0.0181000000;sell;irkis;
26 декабря 2017 г. 9:39:45;0.0003160000;0.0171590000;555154;0.0184159916;buy;individuum;
26 декабря 2017 г. 9:39:45;0.0003160000;0.0171590000;555153;0.0184159916;sell;xata;
26 декабря 2017 г. 9:39:45;0.0119600000;0.6500000000;555152;0.0184000000;buy;kent64;
26 декабря 2017 г. 9:39:45;0.0119600000;0.6500000000;555151;0.0184000000;sell;xata;
26 декабря 2017 г. 9:39:45;0.0001860000;0.0101000000;555150;0.0184158416;buy;sanyok523;
26 декабря 2017 г. 9:39:45;0.0001860000;0.0101000000;555149;0.0184158416;sell;xata;
26 декабря 2017 г. 9:39:31;0.0036800000;0.2000000000;555146;0.0184000000;buy;ruzo707;
26 декабря 2017 г. 9:39:31;0.0036800000;0.2000000000;555145;0.0184000000;sell;xata;
26 декабря 2017 г. 9:36:30;0.0080530000;0.4374330000;555086;0.0184096765;buy;Avolet;
26 декабря 2017 г. 9:36:30;0.0080530000;0.4374330000;555085;0.0184096765;sell;xata;
26 декабря 2017 г. 9:35:55;0.0008020000;0.0435870000;555080;0.0183999816;buy;Avolet;
26 декабря 2017 г. 9:35:55;0.0008020000;0.0435870000;555079;0.0183999816;sell;xata;
26 декабря 2017 г. 17:43:04;0.0002170000;0.0120000000;562694;0.0180833333;buy;btc1trade;
26 декабря 2017 г. 17:43:04;0.0002170000;0.0120000000;562693;0.0180833333;sell;Vovaaaan;
26 декабря 2017 г. 19:07:09;0.0017020000;0.0910270000;564408;0.0186977490;buy;crydeb;
26 декабря 2017 г. 19:07:09;0.0017020000;0.0910270000;564407;0.0186977490;sell;ruzo707;
26 декабря 2017 г. 19:06:55;0.0018700000;0.1000000000;564398;0.0187000000;sell;ruzo707;
26 декабря 2017 г. 19:06:55;0.0018700000;0.1000000000;564397;0.0187000000;buy;crydeb;
26 декабря 2017 г. 20:56:20;0.0078610000;0.4597210000;566510;0.0170995017;buy;btcmaker;
26 декабря 2017 г. 20:56:20;0.0078610000;0.4597210000;566509;0.0170995017;sell;yuri123;
26 декабря 2017 г. 20:56:08;0.0119840000;0.7000000000;566498;0.0171200000;buy;Ron888;
26 декабря 2017 г. 20:56:08;0.0119840000;0.7000000000;566497;0.0171200000;sell;yuri123;
26 декабря 2017 г. 20:55:43;0.0010960000;0.0640000000;566490;0.0171250000;buy;abbobor10;
26 декабря 2017 г. 20:55:43;0.0010960000;0.0640000000;566489;0.0171250000;sell;yuri123;
26 декабря 2017 г. 20:55:20;0.0017130000;0.1000000000;566484;0.0171300000;buy;ruzo707;
26 декабря 2017 г. 20:55:20;0.0017130000;0.1000000000;566483;0.0171300000;sell;yuri123;
26 декабря 2017 г. 20:55:20;0.0002180000;0.0127230000;566482;0.0171343237;buy;Vovaaaan;
26 декабря 2017 г. 20:55:20;0.0002180000;0.0127230000;566481;0.0171343237;sell;yuri123;
26 декабря 2017 г. 23:46:44;0.0036220000;0.1928650000;569310;0.0187799756;buy;yuri123;
26 декабря 2017 г. 23:46:44;0.0036220000;0.1928650000;569309;0.0187799756;sell;jasen;
26 декабря 2017 г. 23:41:42;0.0003570000;0.0189820000;569254;0.0188072911;buy;yuri123;
26 декабря 2017 г. 23:41:42;0.0003570000;0.0189820000;569253;0.0188072911;sell;jasen;
26 декабря 2017 г. 22:59:07;0.0056690000;0.3018630000;568748;0.0187800426;buy;yuri123;
26 декабря 2017 г. 22:59:07;0.0056690000;0.3018630000;568747;0.0187800426;sell;jasen;
26 декабря 2017 г. 22:53:51;0.0090310000;0.4808930000;568680;0.0187796454;sell;Avolet;
26 декабря 2017 г. 22:53:51;0.0090310000;0.4808930000;568679;0.0187796454;buy;yuri123;
27 декабря 2017 г. 0:28:55;0.0038870000;0.2070920000;569714;0.0187694358;sell;sera27;
27 декабря 2017 г. 0:28:54;0.0038870000;0.2070920000;569713;0.0187694358;buy;btcmaker;
27 декабря 2017 г. 1:05:09;0.0044610000;0.2376850000;570018;0.0187685382;buy;Maxlife;
27 декабря 2017 г. 1:05:09;0.0044610000;0.2376850000;570017;0.0187685382;sell;ruzo707;
27 декабря 2017 г. 1:01:43;0.0011700000;0.0623150000;569984;0.0187755757;sell;ruzo707;
27 декабря 2017 г. 1:01:43;0.0011700000;0.0623150000;569983;0.0187755757;buy;Maxlife;
27 декабря 2017 г. 0:54:29;0.0008950000;0.0476850000;569918;0.0187690049;sell;ruzo707;
27 декабря 2017 г. 0:54:29;0.0008950000;0.0476850000;569917;0.0187690049;buy;jasen;
27 декабря 2017 г. 8:32:46;0.0007560000;0.0402520000;572276;0.0187816754;buy;bozhenkoilya;
27 декабря 2017 г. 8:32:46;0.0007560000;0.0402520000;572275;0.0187816754;sell;fufufufufu;
27 декабря 2017 г. 8:29:56;0.0049930000;0.2660000000;572252;0.0187706767;buy;bozhenkoilya;
27 декабря 2017 г. 8:29:56;0.0049930000;0.2660000000;572251;0.0187706767;sell;ruzo707;
27 декабря 2017 г. 8:28:41;0.0063560000;0.3386480000;572234;0.0187687510;sell;sera27;
27 декабря 2017 г. 8:28:41;0.0063560000;0.3386480000;572233;0.0187687510;buy;bozhenkoilya;
27 декабря 2017 г. 13:40:01;0.0031160000;0.1900000000;576716;0.0164000000;buy;Avolet;
27 декабря 2017 г. 13:40:01;0.0031160000;0.1900000000;576715;0.0164000000;sell;UArubin;
27 декабря 2017 г. 17:02:50;0.0002650000;0.0141640000;579426;0.0187094041;sell;Avolet;
27 декабря 2017 г. 17:02:50;0.0002650000;0.0141640000;579425;0.0187094041;buy;Endry625;
27 декабря 2017 г. 16:29:54;0.0010880000;0.0581600000;578792;0.0187070151;sell;Avolet;
27 декабря 2017 г. 16:29:54;0.0010880000;0.0581600000;578791;0.0187070151;buy;lyeskin;
27 декабря 2017 г. 17:38:57;0.0001930000;0.0103100000;580212;0.0187196896;buy;baxandr;
27 декабря 2017 г. 17:38:57;0.0001930000;0.0103100000;580211;0.0187196896;sell;ruzo707;
27 декабря 2017 г. 17:36:40;0.0021990000;0.1175810000;580168;0.0187020012;sell;Avolet;
27 декабря 2017 г. 17:36:40;0.0021990000;0.1175810000;580167;0.0187020012;buy;baxandr;
27 декабря 2017 г. 21:16:35;0.0005130000;0.0275670000;583724;0.0186092067;sell;Vovaaaan;
27 декабря 2017 г. 21:16:35;0.0005130000;0.0275670000;583723;0.0186092067;buy;SvanGrey;
27 декабря 2017 г. 21:49:16;0.0005140000;0.0276210000;584114;0.0186090294;sell;ovm777ovm;
27 декабря 2017 г. 21:49:16;0.0005140000;0.0276210000;584113;0.0186090294;buy;SvanGrey;
28 декабря 2017 г. 10:49:55;0.0010000000;0.0537650000;590048;0.0185994606;sell;Avolet;
28 декабря 2017 г. 10:49:55;0.0010000000;0.0537650000;590047;0.0185994606;buy;katrusia;
28 декабря 2017 г. 10:16:12;0.0098220000;0.5717070000;589542;0.0171801290;buy;sera27;
28 декабря 2017 г. 10:16:12;0.0098220000;0.5717070000;589541;0.0171801290;sell;grenuy;
28 декабря 2017 г. 10:16:12;0.0005140000;0.0299030000;589540;0.0171889108;buy;ovm777ovm;
28 декабря 2017 г. 10:16:11;0.0005140000;0.0299030000;589539;0.0171889108;sell;grenuy;
28 декабря 2017 г. 10:15:55;0.0094610000;0.5500410000;589536;0.0172005360;buy;Avolet;
28 декабря 2017 г. 10:15:55;0.0094610000;0.5500410000;589535;0.0172005360;sell;grenuy;
28 декабря 2017 г. 14:12:19;0.0004170000;0.0242680000;593236;0.0171831218;buy;sera27;
28 декабря 2017 г. 14:12:19;0.0004170000;0.0242680000;593235;0.0171831218;sell;Saen;
28 декабря 2017 г. 21:55:13;0.0019000000;0.1041090000;598352;0.0182501032;sell;ruzo707;
28 декабря 2017 г. 21:55:12;0.0019000000;0.1041090000;598351;0.0182501032;buy;Zhyck;
28 декабря 2017 г. 23:59:56;0.0067320000;0.3658410000;599730;0.0184014370;sell;Avolet;
28 декабря 2017 г. 23:59:56;0.0067320000;0.3658410000;599729;0.0184014370;buy;ComradePepel;
28 декабря 2017 г. 23:58:14;0.0003020000;0.0167950000;599680;0.0179815420;sell;deniscofe;
28 декабря 2017 г. 23:58:14;0.0003020000;0.0167950000;599679;0.0179815420;buy;ComradePepel;
28 декабря 2017 г. 23:31:51;0.0004540000;0.0281800000;599424;0.0161107170;sell;IvanIrina;
28 декабря 2017 г. 23:31:51;0.0004540000;0.0281800000;599423;0.0161107170;buy;ruzo707;
28 декабря 2017 г. 23:22:31;0.1612910000;10.0050060000;599336;0.0161210300;sell;IvanIrina;
28 декабря 2017 г. 23:22:31;0.1612910000;10.0050060000;599335;0.0161210300;buy;saloed;
28 декабря 2017 г. 23:21:46;0.0116770000;0.7243350000;599318;0.0161209940;sell;IvanIrina;
28 декабря 2017 г. 23:21:46;0.0116770000;0.7243350000;599317;0.0161209940;buy;ruzo707;
28 декабря 2017 г. 23:20:44;0.0005990000;0.0371430000;599296;0.0161268610;sell;IvanIrina;
28 декабря 2017 г. 23:20:44;0.0005990000;0.0371430000;599295;0.0161268610;buy;ruzo707;
28 декабря 2017 г. 23:20:39;0.0016120000;0.1000000000;599294;0.0161200000;sell;IvanIrina;
28 декабря 2017 г. 23:20:39;0.0016120000;0.1000000000;599293;0.0161200000;buy;ruzo707;
28 декабря 2017 г. 23:20:34;0.0101210000;0.6278100000;599292;0.0161211190;sell;IvanIrina;
28 декабря 2017 г. 23:20:34;0.0101210000;0.6278100000;599291;0.0161211190;buy;Avolet;
28 декабря 2017 г. 23:19:37;0.0031070000;0.1927570000;599282;0.0161187400;sell;IvanIrina;
28 декабря 2017 г. 23:19:37;0.0031070000;0.1927570000;599281;0.0161187400;buy;ruzo707;
28 декабря 2017 г. 23:19:33;0.0016120000;0.1000000000;599280;0.0161200000;sell;IvanIrina;
28 декабря 2017 г. 23:19:33;0.0016120000;0.1000000000;599279;0.0161200000;buy;ruzo707;
28 декабря 2017 г. 23:18:01;0.0026510000;0.1644430000;599264;0.0161210880;sell;IvanIrina;
28 декабря 2017 г. 23:18:01;0.0026510000;0.1644430000;599263;0.0161210880;buy;ruzo707;
28 декабря 2017 г. 23:16:42;0.0048360000;0.3000000000;599252;0.0161200000;buy;ruzo707;
28 декабря 2017 г. 23:16:42;0.0048360000;0.3000000000;599251;0.0161200000;sell;IvanIrina;
28 декабря 2017 г. 23:01:03;0.0080060000;0.4330100000;599070;0.0184891800;sell;sera27;
28 декабря 2017 г. 23:01:03;0.0080060000;0.4330100000;599069;0.0184891800;buy;kshvab;
28 декабря 2017 г. 23:01:03;0.0004490000;0.0242560000;599068;0.0185108840;sell;sera27;
28 декабря 2017 г. 23:01:03;0.0004490000;0.0242560000;599067;0.0185108840;buy;kshvab;
28 декабря 2017 г. 23:01:03;0.0091260000;0.4960010000;599066;0.0183991560;sell;Avolet;
28 декабря 2017 г. 23:01:03;0.0091260000;0.4960010000;599065;0.0183991560;buy;kshvab;
28 декабря 2017 г. 23:00:45;0.0005710000;0.0312270000;599064;0.0182854580;sell;ovm777ovm;
28 декабря 2017 г. 23:00:45;0.0005710000;0.0312270000;599063;0.0182854580;buy;kshvab;
28 декабря 2017 г. 22:59:52;0.0192680000;1.0824590000;599056;0.0178002120;sell;eugene07;
28 декабря 2017 г. 22:59:52;0.0192680000;1.0824590000;599055;0.0178002120;buy;kshvab;
29 декабря 2017 г. 1:35:48;0.0017480000;0.0950000000;600250;0.0184000000;sell;Avolet;
29 декабря 2017 г. 1:35:48;0.0017480000;0.0950000000;600249;0.0184000000;buy;AlexeyVoziyan;
29 декабря 2017 г. 13:28:24;0.0019040000;0.1174180000;607120;0.0162155717;buy;ruzo707;
29 декабря 2017 г. 13:28:24;0.0019040000;0.1174180000;607119;0.0162155717;sell;YuriyOdUa;
29 декабря 2017 г. 17:13:27;0.0015090000;0.0935980000;610046;0.0161221390;buy;Ron888;
29 декабря 2017 г. 17:13:27;0.0015090000;0.0935980000;610045;0.0161221390;sell;xr9kayu;
29 декабря 2017 г. 17:12:54;0.0084510000;0.5211700000;610042;0.0162154380;buy;sera27;
29 декабря 2017 г. 17:12:54;0.0084510000;0.5211700000;610041;0.0162154380;sell;xr9kayu;
29 декабря 2017 г. 17:12:32;0.0005710000;0.0351960000;610038;0.0162234340;buy;ovm777ovm;
29 декабря 2017 г. 17:12:32;0.0005710000;0.0351960000;610037;0.0162234340;sell;xr9kayu;
29 декабря 2017 г. 17:12:01;0.0029610000;0.1825820000;610034;0.0162173710;buy;ruzo707;
29 декабря 2017 г. 17:12:01;0.0029610000;0.1825820000;610033;0.0162173710;sell;xr9kayu;
29 декабря 2017 г. 20:54:39;0.0049000000;0.2998500000;613222;0.0163415040;buy;ruzo707;
29 декабря 2017 г. 20:54:39;0.0049000000;0.2998500000;613221;0.0163415040;sell;mjekm;
29 декабря 2017 г. 20:14:59;0.0030000000;0.1666550000;612728;0.0180012600;sell;Avolet;
29 декабря 2017 г. 20:14:59;0.0030000000;0.1666550000;612727;0.0180012600;buy;fufufufufu;
30 декабря 2017 г. 0:15:09;0.0002450000;0.0151180000;616036;0.0162058473;buy;ruzo707;
30 декабря 2017 г. 0:15:09;0.0002450000;0.0151180000;616035;0.0162058473;sell;ISKANDER;
30 декабря 2017 г. 1:38:06;0.0102420000;0.5689730000;617344;0.0180008541;sell;yspeh;
30 декабря 2017 г. 1:38:06;0.0102420000;0.5689730000;617343;0.0180008541;buy;jons90201;
30 декабря 2017 г. 10:45:11;0.0021540000;0.1302800000;622426;0.0165336200;buy;Avolet;
30 декабря 2017 г. 10:45:11;0.0021540000;0.1302800000;622425;0.0165336200;sell;MihailAlmazov;
30 декабря 2017 г. 11:54:21;0.0007130000;0.0430800000;624494;0.0165506040;sell;waranry;
30 декабря 2017 г. 11:54:21;0.0007130000;0.0430800000;624493;0.0165506040;buy;ruzo707;
30 декабря 2017 г. 11:54:07;0.0093200000;0.5638400000;624486;0.0165295120;buy;Avolet;
30 декабря 2017 г. 11:54:07;0.0093200000;0.5638400000;624485;0.0165295120;sell;fufufufufu;
30 декабря 2017 г. 11:51:27;0.0006100000;0.0368520000;624458;0.0165526970;buy;ruzo707;
30 декабря 2017 г. 11:51:27;0.0006100000;0.0368520000;624457;0.0165526970;sell;waranry;
30 декабря 2017 г. 11:43:06;0.0003160000;0.0176210000;624338;0.0179331480;sell;eugene07;
30 декабря 2017 г. 11:43:06;0.0003160000;0.0176210000;624337;0.0179331480;buy;romasikm;
30 декабря 2017 г. 11:13:27;0.0026950000;0.1629250000;623574;0.0165413530;buy;ruzo707;
30 декабря 2017 г. 11:13:27;0.0026950000;0.1629250000;623573;0.0165413530;sell;Maxiss1;
30 декабря 2017 г. 12:35:33;0.0231420000;1.2892610000;625156;0.0179498177;sell;eugene07;
30 декабря 2017 г. 12:35:33;0.0231420000;1.2892610000;625155;0.0179498177;buy;AlexeyVoziyan;
31 декабря 2017 г. 11:52:50;0.0024360000;0.1472620000;628188;0.0165419456;sell;boriabenedychuk;
31 декабря 2017 г. 11:52:50;0.0024360000;0.1472620000;628187;0.0165419456;buy;ruzo707;
31 декабря 2017 г. 11:46:49;0.0017820000;0.1077380000;628056;0.0165401251;buy;ruzo707;
31 декабря 2017 г. 11:46:49;0.0017820000;0.1077380000;628055;0.0165401251;sell;boriabenedychuk;
31 декабря 2017 г. 13:53:15;0.0026870000;0.1517880000;629974;0.0177023216;sell;Avolet;
31 декабря 2017 г. 13:53:15;0.0026870000;0.1517880000;629973;0.0177023216;buy;MGreen;
31 декабря 2017 г. 13:29:31;0.0070610000;0.4273880000;629680;0.0165212874;buy;sera27;
31 декабря 2017 г. 13:29:31;0.0070610000;0.4273880000;629679;0.0165212874;sell;egewela;
31 декабря 2017 г. 14:27:53;0.0006550000;0.0396360000;630480;0.0165253809;buy;sera27;
31 декабря 2017 г. 14:27:53;0.0006550000;0.0396360000;630479;0.0165253809;sell;boriabenedychuk;
31 декабря 2017 г. 14:15:34;0.0008560000;0.0517980000;630308;0.0165257345;buy;sera27;
31 декабря 2017 г. 14:15:34;0.0008560000;0.0517980000;630307;0.0165257345;sell;MacBookAir;
31 декабря 2017 г. 17:07:07;0.0001650000;0.0100000000;632888;0.0165000000;buy;sera27;
31 декабря 2017 г. 17:07:07;0.0001650000;0.0100000000;632887;0.0165000000;sell;prostod;
31 декабря 2017 г. 19:44:25;0.0093420000;0.5369000000;635274;0.0173998880;sell;Avolet;
31 декабря 2017 г. 19:44:25;0.0093420000;0.5369000000;635273;0.0173998880;buy;viktordubina;
31 декабря 2017 г. 19:31:56;0.0001880000;0.0113400000;635144;0.0165784830;sell;pm137;
31 декабря 2017 г. 19:31:56;0.0001880000;0.0113400000;635143;0.0165784830;buy;fufufufufu;
31 декабря 2017 г. 21:09:34;0.0111600000;0.6413760000;636024;0.0174000900;buy;vvcoma;
31 декабря 2017 г. 21:09:34;0.0111600000;0.6413760000;636023;0.0174000900;sell;saloed;
31 декабря 2017 г. 20:58:38;0.0001890000;0.0108530000;635920;0.0174145400;sell;sergei0207;
31 декабря 2017 г. 20:58:38;0.0001890000;0.0108530000;635919;0.0174145400;buy;vvcoma;
31 декабря 2017 г. 20:58:38;0.0000890000;0.0050850000;635918;0.0175024580;sell;Avolet;
1 января 2018 г. 12:33:29;0.0008840000;0.0500000000;639386;0.0176800000;sell;sergio21;
1 января 2018 г. 12:33:29;0.0008840000;0.0500000000;639385;0.0176800000;buy;S1;
1 января 2018 г. 16:53:03;0.0021900000;0.1322980000;641628;0.0165535382;buy;sera27;
1 января 2018 г. 16:53:03;0.0021900000;0.1322980000;641627;0.0165535382;sell;kraev720;
1 января 2018 г. 16:52:38;0.0121120000;0.7296350000;641618;0.0166000808;buy;Avolet;
1 января 2018 г. 16:52:38;0.0121120000;0.7296350000;641617;0.0166000808;sell;kraev720;
2 января 2018 г. 0:17:50;0.0052890000;0.3005000000;645836;0.0176006655;sell;Avolet;
2 января 2018 г. 0:17:50;0.0052890000;0.3005000000;645835;0.0176006655;buy;void;
2 января 2018 г. 6:09:22;0.0025430000;0.1438920000;647682;0.0176729769;sell;eugene07;
2 января 2018 г. 6:09:22;0.0025430000;0.1438920000;647681;0.0176729769;buy;antay77;
2 января 2018 г. 6:09:22;0.0158000000;0.8941450000;647680;0.0176705120;sell;sergio21;
2 января 2018 г. 6:09:22;0.0158000000;0.8941450000;647679;0.0176705120;buy;antay77;
2 января 2018 г. 6:09:12;0.0075460000;0.4287710000;647678;0.0175991380;sell;Avolet;
2 января 2018 г. 6:09:12;0.0075460000;0.4287710000;647677;0.0175991380;buy;antay77;
2 января 2018 г. 8:44:23;0.0123720000;0.6801430000;648538;0.0181902923;sell;sera27;
2 января 2018 г. 8:44:23;0.0123720000;0.6801430000;648537;0.0181902923;buy;Protonman;
2 января 2018 г. 15:47:33;0.0021050000;0.1119440000;655776;0.0188040450;sell;btc1trade;
2 января 2018 г. 15:47:33;0.0021050000;0.1119440000;655775;0.0188040450;buy;fufufufufu;
2 января 2018 г. 15:47:05;0.0006610000;0.0351780000;655760;0.0187901530;sell;ovm777ovm;
2 января 2018 г. 15:47:05;0.0006610000;0.0351780000;655759;0.0187901530;buy;fufufufufu;
2 января 2018 г. 15:46:17;0.0010040000;0.0551590000;655750;0.0182019250;sell;SvanGrey;
2 января 2018 г. 15:46:17;0.0010040000;0.0551590000;655749;0.0182019250;buy;fufufufufu;
2 января 2018 г. 15:41:21;0.0121700000;0.6686710000;655656;0.0182002810;sell;Dmitry83;
2 января 2018 г. 15:41:21;0.0121700000;0.6686710000;655655;0.0182002810;buy;atomixfamous;
2 января 2018 г. 15:31:45;0.0018200000;0.1000000000;655492;0.0182000000;sell;Dmitry83;
2 января 2018 г. 15:31:45;0.0018200000;0.1000000000;655491;0.0182000000;buy;fufufufufu;
2 января 2018 г. 15:30:56;0.0090980000;0.4999080000;655462;0.0181993490;sell;Dmitry83;
2 января 2018 г. 15:30:56;0.0090980000;0.4999080000;655461;0.0181993490;buy;fufufufufu;
2 января 2018 г. 15:28:51;0.0001840000;0.0101000000;655438;0.0182178220;sell;sanyok523;
2 января 2018 г. 15:28:51;0.0001840000;0.0101000000;655437;0.0182178220;buy;serg20172018;
2 января 2018 г. 15:28:51;0.0091230000;0.5015560000;655436;0.0181893950;sell;sera27;
2 января 2018 г. 15:28:50;0.0091230000;0.5015560000;655435;0.0181893950;buy;serg20172018;
2 января 2018 г. 15:07:36;0.0363780000;1.9999980000;654924;0.0181890180;sell;Cent;
2 января 2018 г. 15:07:36;0.0363780000;1.9999980000;654923;0.0181890180;buy;Mazyuk;
2 января 2018 г. 14:51:04;0.0545670000;3.0000020000;654654;0.0181889880;sell;Cent;
2 января 2018 г. 14:51:03;0.0545670000;3.0000020000;654653;0.0181889880;buy;Mazyuk;
2 января 2018 г. 14:50:05;0.0181880000;1.0000000000;654604;0.0181880000;sell;sergio21;
2 января 2018 г. 14:50:05;0.0181880000;1.0000000000;654603;0.0181880000;buy;Mazyuk;
2 января 2018 г. 17:02:26;0.0036850000;0.1960000000;657486;0.0188010200;buy;MonteChrictopher;
2 января 2018 г. 17:02:26;0.0036850000;0.1960000000;657485;0.0188010200;sell;sergio21;
2 января 2018 г. 18:23:39;0.0039310000;0.2161140000;659210;0.0181894740;buy;serg20172018;
2 января 2018 г. 18:23:39;0.0039310000;0.2161140000;659209;0.0181894740;sell;REMGR;
2 января 2018 г. 20:52:24;0.0002520000;0.0149920000;662268;0.0168089650;buy;AvgustZ;
2 января 2018 г. 20:52:24;0.0002520000;0.0149920000;662267;0.0168089650;sell;Centipede;
2 января 2018 г. 20:39:05;0.0031990000;0.1860000000;661882;0.0171989250;buy;Cromwell;
2 января 2018 г. 20:39:05;0.0031990000;0.1860000000;661881;0.0171989250;sell;Mazyuk;
2 января 2018 г. 20:38:50;0.0049310000;0.2850330000;661876;0.0172997510;buy;sergio21;
2 января 2018 г. 20:38:50;0.0049310000;0.2850330000;661875;0.0172997510;sell;Mazyuk;
2 января 2018 г. 20:28:59;0.0336070000;1.9425800000;661604;0.0173001880;buy;sergio21;
2 января 2018 г. 20:28:59;0.0336070000;1.9425800000;661603;0.0173001880;sell;Viktor90;
2 января 2018 г. 20:14:52;0.0118520000;0.6515770000;661158;0.0181897150;buy;serg20172018;
2 января 2018 г. 20:14:52;0.0118520000;0.6515770000;661157;0.0181897150;sell;Mazyuk;
2 января 2018 г. 20:14:39;0.0092870000;0.5102750000;661148;0.0181999900;buy;Avolet;
2 января 2018 г. 20:14:39;0.0092870000;0.5102750000;661147;0.0181999900;sell;Mazyuk;
2 января 2018 г. 20:12:30;0.0035420000;0.1945920000;661082;0.0182021870;buy;Avolet;
2 января 2018 г. 20:12:30;0.0035420000;0.1945920000;661081;0.0182021870;sell;ruzo707;
2 января 2018 г. 21:21:22;0.0291480000;1.7350080000;663278;0.0167999225;buy;AvgustZ;
2 января 2018 г. 21:21:22;0.0291480000;1.7350080000;663277;0.0167999225;sell;Mazyuk;
2 января 2018 г. 22:45:17;0.0016720000;0.1025370000;665594;0.0163063090;sell;MrD;
2 января 2018 г. 22:45:17;0.0016720000;0.1025370000;665593;0.0163063090;buy;fufufufufu;
2 января 2018 г. 22:44:41;0.0010480000;0.0646340000;665580;0.0162143760;buy;sergei0207;
2 января 2018 г. 22:44:41;0.0010480000;0.0646340000;665579;0.0162143760;sell;serg20172018;
2 января 2018 г. 22:44:13;0.0004480000;0.0274630000;665572;0.0163128570;buy;Explorer;
2 января 2018 г. 22:44:13;0.0004480000;0.0274630000;665571;0.0163128570;sell;MrD;
2 января 2018 г. 22:43:02;0.0192630000;1.1788950000;665540;0.0163398780;buy;zergoackret;
2 января 2018 г. 22:43:02;0.0192630000;1.1788950000;665539;0.0163398780;sell;Mazyuk;
2 января 2018 г. 22:36:52;0.0214840000;1.3140220000;665398;0.0163498020;buy;sera27;
2 января 2018 г. 22:36:52;0.0214840000;1.3140220000;665397;0.0163498020;sell;serg20172018;
3 января 2018 г. 3:36:49;0.0008150000;0.0500000000;668572;0.0163000000;buy;ruzo707;
3 января 2018 г. 3:36:49;0.0008150000;0.0500000000;668571;0.0163000000;sell;daredevil8730;
3 января 2018 г. 10:11:09;0.0081060000;0.5000000000;672155;0.0162120000;sell;rjjek;
3 января 2018 г. 10:11:09;0.0081060000;0.5000000000;672154;0.0162120000;buy;fufufufufu;
3 января 2018 г. 10:09:39;0.0081060000;0.5000000000;672131;0.0162120000;sell;rjjek;
3 января 2018 г. 10:09:39;0.0081060000;0.5000000000;672130;0.0162120000;buy;fufufufufu;
3 января 2018 г. 10:07:45;0.0081060000;0.5000000000;672079;0.0162120000;sell;rjjek;
3 января 2018 г. 10:07:45;0.0081060000;0.5000000000;672078;0.0162120000;buy;fufufufufu;
3 января 2018 г. 10:06:42;0.0081060000;0.5000000000;672051;0.0162120000;sell;rjjek;
3 января 2018 г. 10:06:42;0.0081060000;0.5000000000;672050;0.0162120000;buy;fufufufufu;
3 января 2018 г. 10:05:45;0.0081060000;0.5000000000;672025;0.0162120000;sell;rjjek;
3 января 2018 г. 10:05:45;0.0081060000;0.5000000000;672024;0.0162120000;buy;fufufufufu;
3 января 2018 г. 10:05:01;0.0081060000;0.5000000000;671997;0.0162120000;sell;rjjek;
3 января 2018 г. 10:05:01;0.0081060000;0.5000000000;671996;0.0162120000;buy;fufufufufu;
3 января 2018 г. 10:03:02;0.0081060000;0.5000000000;671967;0.0162120000;sell;rjjek;
3 января 2018 г. 10:03:02;0.0081060000;0.5000000000;671966;0.0162120000;buy;fufufufufu;
3 января 2018 г. 10:01:22;0.0048630000;0.3000000000;671945;0.0162100000;sell;rjjek;
3 января 2018 г. 10:01:22;0.0048630000;0.3000000000;671944;0.0162100000;buy;fufufufufu;
3 января 2018 г. 10:00:26;0.0172480000;1.0639440000;671933;0.0162113795;buy;sergei0207;
3 января 2018 г. 10:00:26;0.0172480000;1.0639440000;671932;0.0162113795;sell;rjjek;
3 января 2018 г. 11:04:35;0.0010000000;0.0556000000;672971;0.0179856115;sell;Cent;
3 января 2018 г. 11:04:35;0.0010000000;0.0556000000;672970;0.0179856115;buy;shisha;
3 января 2018 г. 10:13:54;0.0086450000;0.5332610000;672219;0.0162115736;sell;rjjek;
3 января 2018 г. 10:13:54;0.0086450000;0.5332610000;672218;0.0162115736;buy;fufufufufu;
3 января 2018 г. 10:12:20;0.0081060000;0.5000000000;672173;0.0162120000;sell;rjjek;
3 января 2018 г. 10:12:20;0.0081060000;0.5000000000;672172;0.0162120000;buy;fufufufufu;
3 января 2018 г. 11:58:43;0.0016540000;0.1027070000;674063;0.0161040630;buy;ALPH;
3 января 2018 г. 11:58:43;0.0016540000;0.1027070000;674062;0.0161040630;sell;ilyaBS;
3 января 2018 г. 11:58:43;0.0017710000;0.1100000000;674061;0.0161000000;buy;ruzo707;
3 января 2018 г. 11:58:43;0.0017710000;0.1100000000;674060;0.0161000000;sell;ilyaBS;
3 января 2018 г. 12:26:07;0.0003400000;0.0210890000;674613;0.0161221490;buy;ruzo707;
3 января 2018 г. 12:26:07;0.0003400000;0.0210890000;674612;0.0161221490;sell;sergei0207;
3 января 2018 г. 12:26:07;0.0016100000;0.1000000000;674611;0.0161000000;buy;ruzo707;
3 января 2018 г. 12:26:07;0.0016100000;0.1000000000;674610;0.0161000000;sell;sergei0207;
3 января 2018 г. 15:04:53;0.0054820000;0.3404830000;677273;0.0161006570;buy;ALPH;
3 января 2018 г. 15:04:53;0.0054820000;0.3404830000;677272;0.0161006570;sell;Logas21;
3 января 2018 г. 14:39:42;0.0009460000;0.0587270000;676953;0.0161084339;buy;ALPH;
3 января 2018 г. 14:39:42;0.0009460000;0.0587270000;676952;0.0161084339;sell;vld;
3 января 2018 г. 17:13:19;0.0011960000;0.0738020000;679549;0.0162055228;buy;avoznyuk;
3 января 2018 г. 17:13:19;0.0011960000;0.0738020000;679548;0.0162055228;sell;CoinChanger;
3 января 2018 г. 19:48:20;0.0761190000;4.6987150000;682073;0.0161999610;sell;operatortur;
3 января 2018 г. 19:48:20;0.0761190000;4.6987150000;682072;0.0161999610;buy;atomixfamous;
3 января 2018 г. 19:47:35;0.0081000000;0.5000000000;682051;0.0162000000;sell;operatortur;
3 января 2018 г. 19:47:35;0.0081000000;0.5000000000;682050;0.0162000000;buy;fufufufufu;
3 января 2018 г. 19:46:35;0.0129600000;0.8000010000;682031;0.0161999797;sell;operatortur;
3 января 2018 г. 19:46:35;0.0129600000;0.8000010000;682030;0.0161999797;buy;fufufufufu;
3 января 2018 г. 19:45:00;0.0081000000;0.5000000000;681987;0.0162000000;sell;operatortur;
3 января 2018 г. 19:45:00;0.0081000000;0.5000000000;681986;0.0162000000;buy;fufufufufu;
3 января 2018 г. 19:43:47;0.0081000000;0.5000000000;681975;0.0162000000;sell;operatortur;
3 января 2018 г. 19:43:47;0.0081000000;0.5000000000;681974;0.0162000000;buy;fufufufufu;
3 января 2018 г. 19:42:56;0.0027420000;0.1692860000;681955;0.0161974410;buy;avoznyuk;
3 января 2018 г. 19:42:56;0.0027420000;0.1692860000;681954;0.0161974410;sell;operatortur;
3 января 2018 г. 19:25:48;0.0027800000;0.1593850000;681789;0.0174420428;sell;Avolet;
3 января 2018 г. 19:25:48;0.0027800000;0.1593850000;681788;0.0174420428;buy;Geka;
3 января 2018 г. 22:02:04;0.0020690000;0.1150720000;685057;0.0179800470;sell;Avolet;
3 января 2018 г. 22:02:04;0.0020690000;0.1150720000;685056;0.0179800470;buy;S1;
3 января 2018 г. 21:55:36;0.0109860000;0.6777520000;684899;0.0162094690;sell;vdubyna;
3 января 2018 г. 21:55:36;0.0109860000;0.6777520000;684898;0.0162094690;buy;fufufufufu;
3 января 2018 г. 21:55:30;0.0081050000;0.5000000000;684891;0.0162100000;sell;vdubyna;
3 января 2018 г. 21:55:30;0.0081050000;0.5000000000;684890;0.0162100000;buy;ruzo707;
3 января 2018 г. 21:54:42;0.0027790000;0.1714130000;684871;0.0162123060;buy;Avolet;
3 января 2018 г. 21:54:42;0.0027790000;0.1714130000;684870;0.0162123060;sell;vdubyna;
3 января 2018 г. 21:38:59;0.0032440000;0.1859070000;684631;0.0174495850;sell;Cromwell;
3 января 2018 г. 21:38:59;0.0032440000;0.1859070000;684630;0.0174495850;buy;crubito;
3 января 2018 г. 21:38:49;0.0227470000;1.3073000000;684627;0.0173999850;sell;alex13alex;
3 января 2018 г. 21:38:49;0.0227470000;1.3073000000;684626;0.0173999850;buy;crubito;
3 января 2018 г. 21:38:40;0.0094800000;0.5451300000;684625;0.0173903470;sell;Avolet;
3 января 2018 г. 21:38:40;0.0094800000;0.5451300000;684624;0.0173903470;buy;crubito;
3 января 2018 г. 22:55:57;0.0007150000;0.0433480000;686037;0.0164944170;buy;volchonok573;
3 января 2018 г. 22:55:57;0.0007150000;0.0433480000;686036;0.0164944170;sell;RomanSol;
3 января 2018 г. 23:29:20;0.0032500000;0.1969920000;686591;0.0164981319;buy;volchonok573;
3 января 2018 г. 23:29:20;0.0032500000;0.1969920000;686590;0.0164981319;sell;Sapfireh;
4 января 2018 г. 3:25:51;0.0019490000;0.1210620000;688781;0.0160991890;buy;sergei0207;
4 января 2018 г. 3:25:51;0.0019490000;0.1210620000;688780;0.0160991890;sell;antay77;
4 января 2018 г. 3:25:51;0.0093840000;0.5828820000;688779;0.0160993130;buy;ALPH;
4 января 2018 г. 3:25:51;0.0093840000;0.5828820000;688778;0.0160993130;sell;antay77;
4 января 2018 г. 3:25:30;0.0032420000;0.2001500000;688775;0.0161978520;buy;Cromwell;
4 января 2018 г. 3:25:30;0.0032420000;0.2001500000;688774;0.0161978520;sell;antay77;
4 января 2018 г. 3:20:41;0.0115430000;0.7034270000;688759;0.0164096630;buy;Avolet;
4 января 2018 г. 3:20:41;0.0115430000;0.7034270000;688758;0.0164096630;sell;antay77;
4 января 2018 г. 3:20:28;0.0125340000;0.7596600000;688755;0.0164994870;buy;volchonok573;
4 января 2018 г. 3:20:28;0.0125340000;0.7596600000;688754;0.0164994870;sell;antay77;
4 января 2018 г. 5:28:58;0.0005050000;0.0315380000;689405;0.0160124294;buy;btc1trade;
4 января 2018 г. 5:28:58;0.0005050000;0.0315380000;689404;0.0160124294;sell;antay77;
4 января 2018 г. 5:28:28;0.0009630000;0.0601460000;689401;0.0160110398;buy;Theurvaeth;
4 января 2018 г. 5:28:28;0.0009630000;0.0601460000;689400;0.0160110398;sell;antay77;
4 января 2018 г. 10:02:14;0.0005230000;0.0315220000;691621;0.0165915870;sell;btc1trade;
4 января 2018 г. 10:02:14;0.0005230000;0.0315220000;691620;0.0165915870;buy;Saacryptoone;
4 января 2018 г. 10:53:42;0.0007370000;0.0484430000;692825;0.0152137560;sell;AlexanderCh;
4 января 2018 г. 10:53:42;0.0007370000;0.0484430000;692824;0.0152137560;buy;fufufufufu;
4 января 2018 г. 10:53:12;0.0013760000;0.0904870000;692809;0.0152066040;buy;ruzo707;
4 января 2018 г. 10:53:12;0.0013760000;0.0904870000;692808;0.0152066040;sell;AlexanderCh;
4 января 2018 г. 10:47:10;0.0024790000;0.1549060000;692587;0.0160032540;sell;operatortur;
4 января 2018 г. 10:47:10;0.0024790000;0.1549060000;692586;0.0160032540;buy;fufufufufu;
4 января 2018 г. 10:46:40;0.0010950000;0.0684620000;692557;0.0159942740;buy;btc1trade;
4 января 2018 г. 10:46:40;0.0010950000;0.0684620000;692556;0.0159942740;sell;operatortur;
4 января 2018 г. 10:17:47;0.0053700000;0.3234780000;691927;0.0166008200;buy;Saacryptoone;
4 января 2018 г. 10:17:47;0.0053700000;0.3234780000;691926;0.0166008200;sell;fufufufufu;
4 января 2018 г. 12:55:20;0.0010420000;0.0681060000;694863;0.0152996799;buy;MrPivas;
4 января 2018 г. 12:55:20;0.0010420000;0.0681060000;694862;0.0152996799;sell;BAY001;
4 января 2018 г. 12:36:37;0.0021100000;0.1279000000;694579;0.0164972634;sell;sergei0207;
4 января 2018 г. 12:36:37;0.0021100000;0.1279000000;694578;0.0164972634;buy;fufufufufu;
4 января 2018 г. 12:36:37;0.0011290000;0.0684280000;694577;0.0164990939;sell;btc1trade;
4 января 2018 г. 12:36:37;0.0011290000;0.0684280000;694576;0.0164990939;buy;fufufufufu;
4 января 2018 г. 12:09:57;0.0033600000;0.2000000000;694253;0.0168000000;sell;Cent;
4 января 2018 г. 12:09:57;0.0033600000;0.2000000000;694252;0.0168000000;buy;irkis;
4 января 2018 г. 14:15:50;0.0127490000;0.7593310000;696315;0.0167897790;sell;Avolet;
4 января 2018 г. 14:15:50;0.0127490000;0.7593310000;696314;0.0167897790;buy;wizzhomie;
4 января 2018 г. 15:00:11;0.0034980000;0.2082000000;697079;0.0168011527;sell;Cent;
4 января 2018 г. 15:00:11;0.0034980000;0.2082000000;697078;0.0168011527;buy;Trots;
4 января 2018 г. 14:34:38;0.0170520000;1.0150000000;696705;0.0168000000;sell;Cent;
4 января 2018 г. 14:34:38;0.0170520000;1.0150000000;696704;0.0168000000;buy;wizzhomie;
4 января 2018 г. 14:24:28;0.0011430000;0.0680730000;696537;0.0167907981;buy;wizzhomie;
4 января 2018 г. 14:24:28;0.0011430000;0.0680730000;696536;0.0167907981;sell;MrPivas;
4 января 2018 г. 14:22:19;0.0026650000;0.1586550000;696477;0.0167974535;sell;Cent;
4 января 2018 г. 14:22:19;0.0026650000;0.1586550000;696476;0.0167974535;buy;andreyblind;
4 января 2018 г. 14:21:55;0.0144020000;0.8577710000;696453;0.0167900290;buy;wizzhomie;
4 января 2018 г. 14:21:55;0.0144020000;0.8577710000;696452;0.0167900290;sell;fufufufufu;
4 января 2018 г. 16:14:36;0.0005440000;0.0340000000;698679;0.0160000000;buy;btc1trade;
4 января 2018 г. 16:14:36;0.0005440000;0.0340000000;698678;0.0160000000;sell;syrovets;
4 января 2018 г. 16:14:32;0.0005600000;0.0350000000;698675;0.0160000000;buy;btc1trade;
4 января 2018 г. 16:14:32;0.0005600000;0.0350000000;698674;0.0160000000;sell;atomixfamous;
4 января 2018 г. 16:14:06;0.0059810000;0.3714670000;698661;0.0161010260;buy;Avolet;
4 января 2018 г. 16:14:06;0.0059810000;0.3714670000;698660;0.0161010260;sell;syrovets;
4 января 2018 г. 16:14:01;0.0059570000;0.3700000000;698657;0.0161000000;buy;Avolet;
4 января 2018 г. 16:14:01;0.0059570000;0.3700000000;698656;0.0161000000;sell;atomixfamous;
4 января 2018 г. 15:42:04;0.0008050000;0.0500000000;697907;0.0161000000;buy;Avolet;
4 января 2018 г. 15:42:04;0.0008050000;0.0500000000;697906;0.0161000000;sell;Grud;
4 января 2018 г. 18:32:58;0.0001330000;0.0079030000;702043;0.0168290522;sell;Avolet;
4 января 2018 г. 18:32:58;0.0001330000;0.0079030000;702042;0.0168290522;buy;bitconejob;
4 января 2018 г. 18:32:58;0.0011450000;0.0689660000;702041;0.0166023837;sell;btc1trade;
4 января 2018 г. 18:32:58;0.0011450000;0.0689660000;702040;0.0166023837;buy;bitconejob;
4 января 2018 г. 19:37:28;0.0008510000;0.0507220000;703687;0.0167777295;sell;Avolet;
4 января 2018 г. 19:37:28;0.0008510000;0.0507220000;703686;0.0167777295;buy;AndreS;
4 января 2018 г. 20:34:54;0.0009960000;0.0593630000;705149;0.0167781277;sell;Avolet;
4 января 2018 г. 20:34:54;0.0009960000;0.0593630000;705148;0.0167781277;buy;AndreS;
4 января 2018 г. 21:33:19;0.0021520000;0.1283190000;706825;0.0167707040;sell;Avolet;
4 января 2018 г. 21:33:19;0.0021520000;0.1283190000;706824;0.0167707040;buy;AndreS;
4 января 2018 г. 21:04:59;0.0080680000;0.4810950000;706171;0.0167700770;sell;Avolet;
4 января 2018 г. 21:04:59;0.0080680000;0.4810950000;706170;0.0167700770;buy;Briukhanov;
4 января 2018 г. 23:44:30;0.0078150000;0.4884710000;709937;0.0159989027;sell;atomixfamous;
4 января 2018 г. 23:44:30;0.0078150000;0.4884710000;709936;0.0159989027;buy;fufufufufu;
4 января 2018 г. 23:33:35;0.0031610000;0.2000490000;709715;0.0158011287;buy;ChiChiChi;
4 января 2018 г. 23:33:35;0.0031610000;0.2000490000;709714;0.0158011287;sell;Cromwell;
4 января 2018 г. 22:55:35;0.0011200000;0.0700000000;708911;0.0160000000;buy;btc1trade;
4 января 2018 г. 22:55:35;0.0011200000;0.0700000000;708910;0.0160000000;sell;Valdemar13;
4 января 2018 г. 22:55:35;0.0000080000;0.0005000000;708908;0.0160000000;sell;Valdemar13;
5 января 2018 г. 0:30:35;0.0095680000;0.5942870000;710741;0.0160999651;sell;atomixfamous;
5 января 2018 г. 0:30:35;0.0095680000;0.5942870000;710740;0.0160999651;buy;fufufufufu;
5 января 2018 г. 0:29:26;0.0032200000;0.2000000000;710725;0.0161000000;sell;atomixfamous;
5 января 2018 г. 0:29:26;0.0032200000;0.2000000000;710724;0.0161000000;buy;fufufufufu;
5 января 2018 г. 10:14:09;0.0015710000;0.0993480000;716345;0.0158131014;sell;verge;
5 января 2018 г. 10:14:09;0.0015710000;0.0993480000;716344;0.0158131014;buy;fufufufufu;
5 января 2018 г. 10:08:17;0.0121940000;0.7712780000;716189;0.0158101229;buy;Avolet;
5 января 2018 г. 10:08:17;0.0121940000;0.7712780000;716188;0.0158101229;sell;verge;
5 января 2018 г. 10:07:48;0.0017140000;0.0986140000;716169;0.0173808992;sell;ALPH;
5 января 2018 г. 10:07:48;0.0017140000;0.0986140000;716168;0.0173808992;buy;verge;
5 января 2018 г. 10:07:48;0.0101020000;0.5825910000;716167;0.0173397803;sell;ALPH;
5 января 2018 г. 10:07:48;0.0101020000;0.5825910000;716166;0.0173397803;buy;verge;
5 января 2018 г. 10:07:48;0.0034000000;0.2000000000;716165;0.0170000000;sell;Valdemar13;
5 января 2018 г. 10:07:48;0.0034000000;0.2000000000;716164;0.0170000000;buy;verge;
5 января 2018 г. 10:07:48;0.0010680000;0.0636700000;716163;0.0167739908;sell;Avolet;
5 января 2018 г. 10:07:48;0.0010680000;0.0636700000;716162;0.0167739908;buy;verge;
5 января 2018 г. 10:06:51;0.0142210000;0.8566880000;716149;0.0165999757;buy;verge;
5 января 2018 г. 10:06:51;0.0142210000;0.8566880000;716148;0.0165999757;sell;fufufufufu;
5 января 2018 г. 10:05:34;0.0011620000;0.0700000000;716123;0.0166000000;sell;btc1trade;
5 января 2018 г. 10:05:34;0.0011620000;0.0700000000;716122;0.0166000000;buy;verge;
5 января 2018 г. 14:30:03;0.0155000000;1.0000000000;723147;0.0155000000;buy;NRGood;
5 января 2018 г. 14:30:03;0.0155000000;1.0000000000;723146;0.0155000000;sell;syrovets;
5 января 2018 г. 14:29:50;0.0011420000;0.0714000000;723141;0.0159943980;buy;btc1trade;
5 января 2018 г. 14:29:50;0.0011420000;0.0714000000;723140;0.0159943980;sell;syrovets;
5 января 2018 г. 16:08:05;0.0086630000;0.5588850000;725081;0.0155005054;buy;NRGood;
5 января 2018 г. 16:08:05;0.0086630000;0.5588850000;725080;0.0155005054;sell;VPPAndy;
